Email,Country,User Id,Full Name
Ruth.Armstrong@harmony.biz,French Southern Territories,0,Heath Altenwerth
Kiel.Borer@jamarcus.org,Saint Vincent and the Grenadines,1,Cooper Toy
Ethan@imogene.org,South Africa,2,Paula Watsica
Hiram.Steuber@drake.ca,Saudi Arabia,3,Kane Kunde
Joe@jermain.net,Bolivia,4,Johnnie Kautzer
Destinee@helmer.biz,Anguilla,5,Miss Dorothea Prohaska
Vivien_Von@doug.info,French Southern Territories,6,Johnson D'Amore
Spencer@elena.biz,Western Sahara,7,Dahlia Labadie
Meaghan@hildegard.co.uk,Palau,8,Letitia Shanahan
Brigitte_Bergnaum@celine.name,Malawi,9,Willard Tremblay
Susanna_Frami@deanna.tv,Wake Island,10,Deven Ward II
Myah_Beier@kody.ca,Anguilla,11,Dr. Kade Bernhard
Adeline@santa.biz,Burundi,12,Nikko Harber
Cletus.Powlowski@orlando.co.uk,Russia,13,Berta Goodwin
Dominique@jody.me,Turkmenistan,14,Halie Labadie
Jedidiah@brennan.co.uk,Tuvalu,15,Mr. Jessie Bashirian
Savanna@jocelyn.co.uk,Kazakhstan,16,Miss Antonina DuBuque
Tina@kassandra.biz,Bermuda,17,Delmer Adams
Ladarius.Cremin@aaliyah.ca,Portugal,18,Alexandro Sawayn
Romaine.Legros@carley.net,Iraq,19,Mr. Madilyn Oberbrunner
Tanya_Jacobs@susanna.biz,British Indian Ocean Territory,20,Helga Bednar
Scotty@melissa.name,Somalia,21,Rosalia Bashirian III
Eugenia_Senger@brycen.name,Georgia,22,Everett Pacocha
Lexus_Graham@everette.info,Samoa,23,Dannie Mayert
Erich@harmon.info,Bermuda,24,Mrs. Lafayette D'Amore
Levi_Vandervort@savannah.us,Chad,25,Gerard Abbott
Precious@rossie.biz,Mongolia,26,Osbaldo Stroman
Eulalia@lavada.biz,South Africa,27,Jamel Olson
Emma.Dibbert@rhett.com,Canton and Enderbury Islands,28,Ms. Antonette Guªann
Emile@robyn.me,Tuvalu,29,Juanita Wehner
Melany.Ebert@lottie.name,Japan,30,Edythe Collier Sr.
Aurore@deion.tv,Solomon Islands,31,Ashly McLaughlin
Linnea@damion.biz,Moldova,32,Lesley Raynor
Kaylin_Guann@finn.me,Bhutan,33,Tony Zulauf
Dax.Jewess@damien.info,Tuvalu,34,Mrs. Nora Christiansen
Kirk_Volkman@david.net,Tajikistan,35,Ludwig Roob
Courtney.OKeefe@pattie.ca,Papua New Guinea,36,Newell Marvin
Emma.Franecki@napoleon.org,Ukraine,37,Michale Pollich I
Charlie@janelle.org,American Samoa,38,Denis Koelpin
Sabryna.Murazik@amani.tv,Ethiopia,39,Mrs. Jacques Friesen
Meggie_Roberts@henriette.tv,Anguilla,40,Summer Hahn
Michale.Friesen@flo.tv,Western Sahara,41,Mr. Alaina Kuphal
Madie_Hettinger@kailee.name,Qatar,42,Tremayne Rutherford
Alysha@chesley.me,Eritrea,43,Bert Mraz
Tressie@tatum.biz,North Vietnam,44,Milford Pagac
Norene.Hoeger@georgianna.info,Chile,45,George Larson
Royal_Roob@kaya.us,Switzerland,46,Dock Ruecker III
Selina_Lemke@enid.tv,Indonesia,47,Anastacio Kuhn
Sadye@dawn.tv,Bahamas,48,Oleta Hahn
Dale@vita.org,Portugal,49,Kristian Gerhold
Moriah.Littel@cassandra.tv,Haiti,50,Anais Botsford
Ernestina@emile.name,Brazil,51,Miss Uriel Cremin
Junior_Bergstrom@agustin.org,French Southern and Antarctic Territories,52,Camilla Casper
Mason.Hayes@stanley.org,Myanmar [Burma],53,Darrel Klein
Kareem_Ryan@raquel.biz,Libya,54,Samara Kertzmann
Davonte_Goldner@gay.biz,Bahamas,55,Maye Gislason MD
Mekhi.Runolfsson@tiara.biz,Panama Canal Zone,56,Mireille Russel
Ida.Boehm@katlyn.tv,Israel,57,Jimmie Kris
Otilia@jake.ca,Monaco,58,Mr. Kurtis Dickens
Hilton.Cole@kelvin.net,Serbia,59,Russell Carter
Gabriel@johan.co.uk,Antarctica,60,Janelle Johnson
Vernice.Sawayn@theodora.io,Cambodia,61,Maudie Frami
Nicholas@bart.biz,Ethiopia,62,Viviane Sawayn
Ed@raul.net,Congo - Brazzaville,63,Jameson Ferry I
Aylin_McLaughlin@dudley.co.uk,Spain,64,Jazmyn Satterfield V
Dylan.Orn@zetta.us,Venezuela,65,Ms. Olin Trantow
Vicenta@jensen.net,Svalbard and Jan Mayen,66,Arely Hyatt
Alek@lavina.net,Benin,67,Tanner Legros
Yasmin@santa.io,Trinidad and Tobago,68,Aubrey Ritchie
Fredy@gideon.tv,Vietnam,69,Jean Kertzmann
Durward@kristy.ca,Neutral Zone,70,Donny McGlynn
Cesar@loren.us,Bulgaria,71,Blake Haley
Mina@susie.net,New Caledonia,72,Maggie Nitzsche V
Nicola@alayna.me,Heard Island and McDonald Islands,73,Alfonzo Jacobi
Felicity@braxton.io,British Antarctic Territory,74,Amara Skiles
Carmine.Casper@julien.me,Belize,75,Baby Mueller
Mustafa.Koelpin@jannie.us,Monaco,76,Dr. Brain Jakubowski
Nella@skylar.name,Canada,77,Delphine Halvorson
Marshall@leslie.name,Lebanon,78,Miss Dillon Upton
Clement@landen.io,Japan,79,Jade Feest
Eugenia@erling.me,Niue,80,Marta Jones
Kale@brown.us,New Zealand,81,Duncan Vandervort
Arielle_Walsh@rosella.com,Montserrat,82,Fredrick Heller
Lydia@kasey.info,Antigua and Barbuda,83,Annette Nolan
Raoul.Mayer@alford.io,Vanuatu,84,Myrl Muller
Sammie.Koepp@jessika.me,Martinique,85,Augustus Pollich PhD
Gretchen_Hammes@marshall.biz,United States,86,Mrs. Jordan Cremin
Brigitte@arvid.tv,Jordan,87,Jacques Schmeler
Vince_Hickle@kelton.tv,Tajikistan,88,Jamal Roberts
Anya@melody.com,Saudi Arabia,89,Isabelle Bode
Mittie_Schimmel@delia.io,Congo - Brazzaville,90,Julius Dietrich
Nick_Dach@pierre.org,Mauritania,91,Ms. Jody Mueller
Georgianna@lew.co.uk,Grenada,92,Margaret Nienow
Archibald@william.io,New Zealand,93,Ludwig Carter
Misty_Muller@karson.ca,Isle of Man,94,Drew Gerhold
Donnie@raleigh.net,South Korea,95,Melba Koelpin
Viva@dwight.co.uk,Dronning Maud Land,96,Shaniya Krajcik IV
Kennedi@aurelio.biz,Finland,97,Monique Mueller I
Viviane_Pfeffer@bell.me,Suriname,98,Mr. Branson Jones
Gregory@yadira.me,Mauritius,99,Miss Jerrod Sauer
Maiya_Towne@maryam.biz,Anguilla,100,Osbaldo Breitenberg
Juliet@kellen.us,Barbados,101,Dr. Pasquale Kessler
Ethel@savion.io,Ecuador,102,Dr. Ian Mayer
Moriah_Roob@jenifer.tv,Tanzania,103,Sigrid Ebert
Helene@karson.biz,Bahamas,104,Johnpaul Crooks
Rafael_Koss@kristina.org,Bhutan,105,Audrey Conroy
Carmel@amina.tv,El Salvador,106,Marion Turner
Carlotta_Homenick@torey.com,Paraguay,107,Dora Kling Jr.
Ofelia@rosario.us,Bermuda,108,Clark Cartwright
Morton@rigoberto.tv,United Arab Emirates,109,Ted Lubowitz V
Genesis@earl.com,Czech Republic,110,Fannie Hudson
Gussie_Carter@shania.com,Sri Lanka,111,Barry Fisher
Raheem_Bailey@tobin.me,Finland,112,Miss Maureen Connelly
Reese@ernesto.org,Marshall Islands,113,Sabina Kassulke
Rafael_Willms@cleo.name,Gibraltar,114,Cielo Orn
Green@joaquin.net,Colombia,115,Laurine Armstrong
Kaylin_Nitzsche@tillman.me,South Africa,116,Tobin Legros
Bella.Prosacco@ernest.com,Eritrea,117,Deborah Kihn
Vallie_Schiller@kristy.us,Jersey,118,Rachael Ruecker
Katharina@haylie.name,Pitcairn Islands,119,Tanner Fay PhD
Pedro@jeromy.biz,British Virgin Islands,120,Willis Bradtke DDS
Leslie_Wintheiser@eryn.tv,Indonesia,121,Sasha Heller
Dillon@spencer.tv,Iraq,122,Kelly Spencer
Rowena@tressie.co.uk,Senegal,123,Barbara Beer
Alexander@ena.biz,Singapore,124,Cecilia Aufderhar
Winnifred@caleb.tv,Cook Islands,125,Al Wintheiser
Marquis@rodrigo.me,Cyprus,126,Hillard McClure
Elta@arnoldo.us,Romania,127,Curtis Glover
Lucienne_Gusikowski@blaze.tv,Bahamas,128,Cristina Howell
Gretchen_Christiansen@jed.org,Mali,129,Dr. Alvena Stoltenberg
Rebeca.Kuhn@ivy.biz,Cuba,130,Joaquin O'Conner
Bella@doyle.tv,Tuvalu,131,Jayde Harªann III
Elmo@kendrick.org,Ghana,132,Orion Marquardt DDS
Jayme@ayden.tv,Rwanda,133,Jerod Gaylord
Rosa@kenna.name,Saint Kitts and Nevis,134,Talon Ritchie
Reyna_Cummerata@wilber.info,Moldova,135,Marques Kreiger
Bria@elyse.us,Panama,136,Arnaldo Hegmann
Jerad_Parisian@alvena.us,Eritrea,137,Esperanza D'Amore
Grayce@evans.tv,Turkmenistan,138,Kasandra Prohaska
Hassan_Reinger@fae.us,North Korea,139,Gaetano Shanahan
Dorothy@cora.us,Guernsey,140,Cierra Kilback
Germaine@matt.org,Mongolia,141,Velda Torp
Else.Wisozk@chandler.io,Liechtenstein,142,Rickey Aufderhar
Damian_Beatty@florencio.ca,Nepal,143,Miss Steve Howe
Lamar@catherine.com,Afghanistan,144,Audreanne Wiegand
Blaze@hope.me,Palestinian Territories,145,Demetrius Murphy
Thalia@kaitlyn.biz,U.S. Minor Outlying Islands,146,Adella Boehm
Alize_Stoltenberg@ewald.com,Kyrgyzstan,147,Daphne Tillman
Virgil@bart.info,Uruguay,148,Jacinto Effertz
Amelia@beryl.net,Armenia,149,Toy Thompson
Lester_Robel@baron.com,American Samoa,150,Sharon Becker
Andre_Welch@alan.ca,Tuvalu,151,Maudie O'Connell
Monserrate.Leffler@kaleb.co.uk,Oman,152,Dasia Kutch
Francesco.Heidenreich@ova.net,Czech Republic,153,Edison Balistreri
Jacey@janae.info,Turks and Caicos Islands,154,Margret Rippin
Dovie_Pfannerstill@sheila.org,Barbados,155,Shemar Lubowitz
Jordon@leila.ca,Colombia,156,Lennie Schuster
Marilyne@brad.biz,North Vietnam,157,Mrs. Mariela Kovacek
Vida_Olson@marco.info,Philippines,158,Ward Murphy
Aniyah.Lesch@keenan.biz,Solomon Islands,159,Silas Okuneva
Pascale.Fadel@tony.co.uk,Niue,160,Maye Schneider
Shemar_Schuppe@evelyn.net,Lesotho,161,Carrie Sawayn
Elmer_Effertz@bennie.biz,Guinea-Bissau,162,Deonte Conroy
Lisandro@vivienne.io,Swaziland,163,Hadley Wiegand
Kale@bulah.com,Chad,164,Lola Predovic
Hailie_Brekke@holden.info,Bolivia,165,Giovanny Lakin DDS
Sharon_Harris@lonny.ca,Thailand,166,Deja Beer
Josh@chanelle.name,China,167,Erika Yost
Hershel@alexis.org,Albania,168,Christina Jast
Aurore@aurelio.co.uk,Nepal,169,Lottie Zboncak IV
Percival.Rau@flavio.io,American Samoa,170,Talon Rau
Jerod.Kunde@jeremie.ca,Moldova,171,Marcelo Schmitt
Orrin_Lebsack@jacques.name,Congo - Brazzaville,172,Lola Murphy
Heather.Abshire@maudie.org,Isle of Man,173,Elliot Wuckert
Emilia@jerrell.tv,Israel,174,Stephan Wuckert
Anya@christophe.biz,Falkland Islands,175,Marilyne McKenzie
Taylor@mervin.us,Martinique,176,Brando Pfeffer
Grover@reid.biz,Uganda,177,Kenneth Emmerich
Luz@brooklyn.ca,Cocos [Keeling] Islands,178,Raina Hand
Tess.Stokes@randal.me,Libya,179,Carey Marks
Hubert.Zboncak@marco.org,Guinea-Bissau,180,Darwin Beer
Trystan@maci.me,Uruguay,181,Garnet Hodkiewicz
Rogelio@bailey.biz,Mauritius,182,Halle Turner DDS
Marty@lennie.tv,Northern Mariana Islands,183,Bonita Schmidt
Stan@markus.net,Nauru,184,Laila Cartwright
Rosetta@brionna.co.uk,Micronesia,185,Brisa Wintheiser
Josiah@jimmy.us,Djibouti,186,Kellen Romaguera Sr.
Assunta.Cassin@lisa.tv,Bahrain,187,Oran Wuckert MD
Ulises@howell.org,Cambodia,188,Christop Vandervort
Aditya_Jast@shea.ca,Mozambique,189,Ms. Austen Jones
Laury_Hoeger@aditya.info,Namibia,190,Louie Jakubowski
Buford_Hackett@fleta.tv,Vietnam,191,Katlynn Nitzsche
Leonardo@aryanna.us,Bosnia and Herzegovina,192,Bernita Glover
Marguerite.Beatty@kristopher.org,Christmas Island,193,Archibald Hamill
Arnaldo@wilfredo.io,Turkmenistan,194,Kayli Schamberger
Gardner_Nikolaus@cyril.co.uk,Bolivia,195,Mrs. Libbie Grimes
Dejah@deborah.me,Tuvalu,196,Eva Trantow
Rhianna@laurel.ca,Saint Helena,197,Glen Bruen
Michelle@cleo.org,Romania,198,Ms. Electa Cruickshank
Jameson_Osinski@alfredo.me,Cayman Islands,199,Luis Welch
Vergie@ernestina.com,Qatar,200,Howell Predovic
Lexi@loyce.us,Rwanda,201,Elias Thompson
Lorna.Walter@landen.biz,Algeria,202,Julien Glover
Agustin_Mante@cicero.name,Panama,203,Camilla Mayer
Kevon.Hudson@megane.io,Armenia,204,Sheldon Johns
Blake.Fahey@jeffry.com,Uruguay,205,Alicia Trantow MD
Gennaro@tom.me,Saudi Arabia,206,Jacinto Reichert
Camylle.Schaden@jose.biz,Dominica,207,Jack Towne
Maryjane_Durgan@cristal.me,British Virgin Islands,208,Mack Lynch
Lue@granville.net,Brunei,209,Mr. June Mante
Walker_Hudson@marques.ca,Hong Kong SAR China,210,Sven Ledner
Pamela.Wintheiser@gregg.org,Vietnam,211,Rhett Leuschke III
Mustafa@mckenna.ca,Jersey,212,Lucious Orn
Yesenia_Boehm@corrine.net,Western Sahara,213,Ms. Jada Luettgen
Rita_Simonis@fritz.biz,Indonesia,214,Rubie Bins
Felicia@lane.ca,Saint Vincent and the Grenadines,215,Mr. Joaquin Aufderhar
Macie.Mante@delfina.name,French Guiana,216,Ferne Effertz
Aaron_Jenkins@brayan.biz,Bahrain,217,Michelle Kuhic
Grayson@winston.ca,France,218,Domenico Osinski
Mafalda.Kreiger@leonora.me,Saint Vincent and the Grenadines,219,Urban Terry
Neha.Medhurst@verdie.biz,Mongolia,220,Nicholas Purdy
Golden@lurline.net,Liechtenstein,221,Ola Price
Katheryn.Wintheiser@trey.io,Brunei,222,Leone Reinger
Edmond@blair.net,Macedonia,223,Damian Greenholt
Maye@miguel.biz,Saint Helena,224,Braeden Abbott
Morton_Olson@margaretta.io,Denmark,225,Ms. Izabella Hammes
Arlo_Crooks@candida.info,Afghanistan,226,Hal Eichmann
Nicole@alfred.us,Romania,227,Kaden Koepp
Martine@susana.org,Guernsey,228,Dr. Rey Pollich
Alysson@beverly.com,Australia,229,Dandre Mosciski
Shyann@elyssa.com,Denmark,230,Charlene Dooley
Trisha.Thompson@colin.tv,Uzbekistan,231,Carolyn Schamberger
Mossie@fermin.io,Wake Island,232,Clark Beahan
Erich@melody.io,Mozambique,233,Kelley Cronin
Monserrate_Schmidt@savanna.net,Cuba,234,Conrad Greenholt
Nikko.Buckridge@eliezer.io,Belarus,235,Gabe Bruen
Nina@isadore.biz,Northern Mariana Islands,236,Tillman Weimann
Brendan@houston.info,Iceland,237,Miss Danny Botsford
Gaston_Cummerata@hyman.name,Paraguay,238,Rosetta Nicolas
Thalia_Zemlak@odessa.info,Neutral Zone,239,Micah Crona
Jovany@kaylee.com,Venezuela,240,Jessica Emmerich
Ilene.Nitzsche@joany.io,Iceland,241,Immanuel White
Kristoffer@darrick.biz,Mauritania,242,Holly Crona
Danny_Kunde@stacey.ca,Azerbaijan,243,Brooke Casper
Vada.Turner@delores.ca,North Korea,244,Brianne Mohr
Elbert@frida.io,French Polynesia,245,Landen Effertz
Manuela_Sawayn@geoffrey.me,United Kingdom,246,Kenton Reichert
Lenny@clemmie.name,Marshall Islands,247,Anastasia Hoppe
Adah.Kuphal@melany.co.uk,Yemen,248,Norene O'Keefe
Dahlia@colby.co.uk,Thailand,249,Rogers Stiedemann
Jewel_Powlowski@lionel.biz,Gibraltar,250,Minerva Bins Jr.
Mauricio_Cummings@hipolito.biz,Japan,251,Victoria Stiedemann
Laurianne@kayden.org,Afghanistan,252,Osborne Eichmann
Emmett@edgar.us,U.S. Virgin Islands,253,Elliot Johnston
Mustafa@calista.org,Spain,254,Bennett Zboncak MD
Tom_Sanford@mireya.me,Denmark,255,Stewart Bednar
Marlen.Kohler@jordyn.name,Libya,256,Darby Swaniawski
Delaney_Christiansen@kaitlin.ca,Brazil,257,Earl Bruen
Eusebio_Mueller@zachery.biz,Cape Verde,258,Una Krajcik Sr.
Percival@alexander.biz,Guatemala,259,Dustin Deckow
Lorena_Daniel@edwina.me,Trinidad and Tobago,260,Bridgette Considine
Baron.Koepp@destany.info,Bhutan,261,Madyson Gerhold
Florencio@candido.info,Burkina Faso,262,Maxie Marvin
Elda.Lubowitz@brown.biz,Djibouti,263,Keenan Huel
Amaya_Orn@clifford.com,Gabon,264,Keeley Morar III
Jesse@bernadine.name,Monaco,265,Mrs. Emerson Thompson
Virginia_Gusikowski@janice.org,Cyprus,266,Genesis Beier
Kaylee.Nienow@zella.org,Belarus,267,Twila O'Hara
Lula@dayana.tv,Liechtenstein,268,Florian Raynor
Aliya.Jacobi@mariah.co.uk,Georgia,269,Lia Dibbert
Jammie@haylee.biz,Guadeloupe,270,Iliana Hahn DDS
Tad@matilda.ca,Panama,271,Liza Sawayn
Elenora@eldora.biz,Ecuador,272,Maynard Stark II
Aubree.Bauch@amaya.net,South Korea,273,Edythe Medhurst
Dale@brady.info,Luxembourg,274,Ephraim Pollich
Albertha.Ziemann@haley.org,Nauru,275,Zelda Schimmel
Manuel.Rempel@stephon.me,Isle of Man,276,Dean Bruen
Dashawn.Wunsch@phyllis.name,Kenya,277,Earlene Crona
Kelli@kim.name,Macau SAR China,278,Anderson Roob MD
Maxine@delpha.ca,Christmas Island,279,Jaunita Goodwin
Brooklyn@buster.net,Greenland,280,Mrs. Ewald Lockman
Holden.Watsica@emerson.me,Malaysia,281,Justen Littel
Gerry@ike.us,Netherlands Antilles,282,Pansy Russel V
Freddie@neva.net,Puerto Rico,283,Nicola Pouros
Jayce@bethel.org,Tanzania,284,Antonietta Schneider
Macie.Schumm@bessie.me,San Marino,285,Tamia Gusikowski
Lucie@reta.tv,Congo - Brazzaville,286,Ms. Garth Hammes
Cierra@ransom.net,Mayotte,287,Dr. Korbin Mosciski
Devon@arlie.ca,Monaco,288,Aaron Jacobson
Chanelle.Mosciski@pink.org,Benin,289,Howard Borer PhD
Coleman@paul.biz,Czech Republic,290,Chester Walsh
Sam.Hamill@karlee.name,Austria,291,Dalton Shields
Annetta@garett.me,Timor-Leste,292,Caesar Runolfsdottir
Georgianna.Borer@myles.tv,Macau SAR China,293,Whitney Kassulke
Berta_Zieme@stan.net,Turkmenistan,294,Vladimir Moen
Joel.Kulas@rogers.biz,Eritrea,295,Sammy Reynolds PhD
Carmel.Rutherford@mark.name,Costa Rica,296,Marshall Pagac
Einar.Armstrong@stewart.com,Greece,297,Wiley Rath III
Eladio@ryann.ca,French Southern Territories,298,Frederic Bednar
Jimmy_Wiza@jason.info,Dominica,299,Lavern Blanda
Susanna_Ankunding@georgiana.name,Midway Islands,300,Glennie Smitham
Tomas@madyson.ca,Madagascar,301,Abner Stiedemann Jr.
Rowena@austyn.biz,Côte d’Ivoire,302,Wilford Pacocha
Verna@rudy.tv,Tokelau,303,Raheem Mills
Summer@jayde.me,Ethiopia,304,Clint Hegmann
Keshaun@zoey.io,Turkey,305,Aubrey Rosenbaum DDS
Lawrence@bernita.io,Marshall Islands,306,Sylvia Heidenreich PhD
Tracy@sibyl.info,Ghana,307,Parker Parisian
Joey@lucie.tv,Grenada,308,Edmond Hodkiewicz
Kylie_Witting@otho.tv,Ireland,309,Sonny Windler Sr.
Raegan.Cummings@carmela.com,Belarus,310,Johnnie Wyman
Eliza@jayde.org,Åland Islands,311,Ally Jaskolski
Edgar_Metz@perry.org,Kazakhstan,312,Neoma Ferry I
Oliver_Hyatt@marcelle.co.uk,Haiti,313,Tobin Cruickshank
Aubree@irma.tv,Honduras,314,Ms. Liana Dare
Jayson.Reynolds@hermann.biz,Metropolitan France,315,Muhammad Wiza
Maritza@antwon.me,São Tomé and Príncipe,316,Mikel Okuneva
Oleta.Prohaska@jana.tv,Congo - Kinshasa,317,Mrs. Rupert Predovic
Kaci@gideon.io,Samoa,318,Marcellus Heaney
Leilani_Reynolds@adrien.net,Gabon,319,Myrl Heaney Jr.
Will@hector.org,San Marino,320,Tianna Huel
Leif_Corkery@julio.org,British Virgin Islands,321,Breana Legros
Jermey.Baumbach@jordane.org,Montenegro,322,Fredy Wiza
Allen_Veum@cristian.us,Dominica,323,Corrine Harris
Nikki_Rohan@justen.ca,El Salvador,324,Charity Tillman
Angel_Vandervort@sam.net,Saudi Arabia,325,Owen Streich
Sister.Streich@chaim.biz,Equatorial Guinea,326,Precious Schoen
Rodrigo.OKon@mervin.me,Cameroon,327,Maybell Ankunding III
Reece_Leuschke@hillard.us,United Arab Emirates,328,Garrett Strosin
Allen_Koepp@boyd.name,Norway,329,Zetta Deckow
Stefan_Carroll@kiarra.io,Uzbekistan,330,Katharina Walker MD
Erik_Greenfelder@catalina.biz,Nepal,331,Ernesto Metz
Hertha.Jones@charlene.biz,Mozambique,332,Graciela Wolff
Adolf@muriel.us,Nigeria,333,Mr. Tessie Franecki
Brendon@malcolm.co.uk,Mayotte,334,Allan Rippin
Shakira@kitty.biz,Oman,335,Mrs. Maiya Muller
Izabella@elvie.ca,Laos,336,Graham Pouros MD
Edison@akeem.name,British Indian Ocean Territory,337,Claire Halvorson
Virgie_Bogan@anna.co.uk,Dominican Republic,338,Rosie Hansen
Lea@berneice.name,Israel,339,Brett Zemlak
Bettye@rocio.io,Saint Barthélemy,340,Demarcus Renner
Ivy.Rau@alexzander.net,Belgium,341,Rachael Bechtelar
Kavon@omari.io,Yemen,342,Jalyn Reichel
Angelo.Runolfsson@diamond.biz,Nigeria,343,Lonie Greenfelder
Raquel@dusty.me,Åland Islands,344,Rebekah Heidenreich
Broderick_Veum@julio.biz,Lebanon,345,Kennith Simonis
Bernice.Lehner@kiera.info,Cayman Islands,346,Claude O'Kon
Elmira.Rogahn@ethel.name,Costa Rica,347,Merlin Hills Sr.
Alexanne_Nienow@randi.name,Tokelau,348,Gaston Schmidt
Tillman@itzel.io,Equatorial Guinea,349,Dr. Unique Wuckert
Rachael.Ebert@dorian.tv,Somalia,350,Mr. Octavia Gislason
Desiree@mekhi.com,Gibraltar,351,Miss Harley Crona
Berta@nya.co.uk,Colombia,352,Mr. Durward DuBuque
Aiden@cade.ca,Bahamas,353,Lavon Carter
Albert@deja.name,Iceland,354,Jeromy Parisian
Alison_Cronin@javonte.us,Liberia,355,Alessandro Koss
Oren_Dickens@ariel.info,Argentina,356,Zelma Boyer MD
Matilda@davin.co.uk,São Tomé and Príncipe,357,Carroll Emmerich
Larissa_Parker@pierre.us,Mauritania,358,Kaycee Blanda
Eden@americo.me,Kyrgyzstan,359,Hazel Davis
Cristal@nick.me,Lesotho,360,Alison Stehr
Leopold_Gottlieb@sid.org,Cambodia,361,Marcos Hauck
Jaron@maxie.us,Union of Soviet Socialist Republics,362,Jayson Streich
Cristobal@armani.ca,Panama Canal Zone,363,Chelsea Cassin
Devonte@delphia.co.uk,Montserrat,364,Retha Pollich II
Shanny_Abbott@dusty.org,Solomon Islands,365,Dr. Arlo Boehm
Columbus@keyshawn.biz,Senegal,366,Nicholas Rodriguez
Kaylie@zita.name,Netherlands,367,Sibyl Harber
Marques@orion.biz,Romania,368,Mario Wuckert I
Shirley@willa.org,Falkland Islands,369,Mr. Oran Batz
Don@franco.biz,Saint Pierre and Miquelon,370,Andres Weimann
Douglas_Hettinger@kaela.co.uk,Barbados,371,Clare Dickens
Camren@norval.io,Iceland,372,Aurelie Blick
Rhianna@arianna.biz,Cook Islands,373,Steve Walter
Chaim@sabrina.name,Poland,374,Vallie Turner
Kallie@dejon.co.uk,Uganda,375,Jordyn Will
Juanita_Bins@orpha.ca,Suriname,376,Kyler Hettinger
Alexane@branson.me,Japan,377,Robb Bergnaum
Jeromy@stacey.org,United States,378,Kiera Lehner
Verna@john.me,Nauru,379,Kari Feil
Jabari.Crona@emerald.tv,Montenegro,380,Derrick Hudson
Ewell@sandrine.biz,Anguilla,381,Mariano Cartwright
Lincoln_Hagenes@rosamond.co.uk,Turkey,382,Mylene Murphy
Orrin.Smitham@jazmyne.biz,Ghana,383,Sandrine Daniel
Emmett_Carroll@triston.tv,Rwanda,384,Nash Wolff
Mollie@juliet.me,Belize,385,Betty Jast
Alycia.Swift@juana.us,Taiwan,386,Diana Schiller
Monty.Quitzon@maymie.org,Italy,387,Hassie Boyle
Carmela.Spinka@norris.ca,French Guiana,388,Irwin Hackett
Tiffany.Kub@araceli.org,Isle of Man,389,Ms. Maddison Cartwright
Ryley@mayra.io,North Vietnam,390,Ardella Schulist IV
Sandra.Williamson@missouri.me,Andorra,391,Hortense Mertz
Layne.Dooley@yasmeen.info,Fiji,392,Mrs. Amanda Langworth
Jacky@leonard.info,Ireland,393,Miguel Beer
Milford@kianna.com,Tanzania,394,Ellen Grant
Kian_Zulauf@geraldine.io,Cyprus,395,Idella Torphy
Noelia@jerrod.tv,Slovakia,396,Christiana Schmeler
Reta@blanca.ca,Laos,397,Ms. Tamia Shanahan
Celia_Abernathy@garrison.com,Neutral Zone,398,Sister Carter
Green@laila.us,Croatia,399,Morris Jacobson
Flossie@scotty.us,Yemen,400,Iva Sipes
Jamar_Herman@loy.biz,Greenland,401,Hester Morissette
Darlene.Yundt@elsa.net,Nigeria,402,Remington Watsica
Freda@kristina.tv,Belarus,403,Yasmin Littel
Francisco@estel.biz,Pacific Islands Trust Territory,404,Ubaldo Heidenreich
Eleonore.Kihn@eloise.name,Tuvalu,405,Retha Guªann
Hyman@jovanny.us,Israel,406,Miss Dena Streich
Elza@isabella.org,Libya,407,Robert Fisher
Hermina.Rutherford@judd.com,Guam,408,Martin Schinner
Vladimir_Mills@cale.me,Bermuda,409,Justine Brekke
Christa_Kovacek@berenice.info,Monaco,410,Jackson DuBuque
Quinn.Johnston@darien.biz,Tunisia,411,Paolo Sawayn
Jayda@leopold.net,Mayotte,412,Mrs. Erin Little
Camille_Gulgowski@kenton.me,Panama,413,Mr. Yasmin Ferry
Makayla@celia.org,Guadeloupe,414,Destin Gerlach Sr.
Rosanna_Collins@danielle.co.uk,Aruba,415,Clyde Kling
Adelia@velma.io,São Tomé and Príncipe,416,Dr. Kayley Goyette
Nelle.Herzog@orie.com,Barbados,417,Jarrod Ledner
Harmony@antone.io,Liechtenstein,418,Stephen Jenkins IV
Rudolph@davion.co.uk,Malaysia,419,Ms. Jared Miller
Rosetta.Thompson@reese.net,South Georgia and the South Sandwich Islands,420,Nathan Walker
Elwin.Ondricka@green.biz,United Arab Emirates,421,Jasmin Will
Gregorio@rosario.biz,Cayman Islands,422,Domenic Hagenes II
Kristy@cierra.net,People's Democratic Republic of Yemen,423,Josue Cummings
Audie_Streich@josiah.co.uk,United States,424,Idell Hoppe
Bernard@marcel.com,Åland Islands,425,Mr. Jerel Thiel
Nicole_Yundt@akeem.com,Liechtenstein,426,Rosa O'Kon
Theodora@nakia.biz,Georgia,427,Trevor Waelchi
Alessia.Blanda@alene.info,Nepal,428,Abigayle Russel IV
Wilfrid.Greenfelder@alize.ca,Belgium,429,Luz Witting II
Carson@arturo.tv,Zambia,430,Ike Walker DDS
Abigale.Koch@elsa.biz,Papua New Guinea,431,Camryn Spinka
Leopoldo@jody.net,Barbados,432,Albina Lebsack
Leanne@gertrude.ca,Laos,433,Bethel Kunze
Obie@meggie.biz,Albania,434,Maxwell Veum
Kristina_Jacobs@nya.net,Ethiopia,435,Alvina Huel
Ardith@letha.io,Canada,436,Luigi West IV
Juwan@shanel.io,Kyrgyzstan,437,Mrs. Carlos King
Ceasar@lenna.co.uk,Saint Kitts and Nevis,438,Connie Larkin
Tiara@luther.tv,Cyprus,439,Keenan Walker
Eileen@cassie.com,Haiti,440,Octavia Monahan
Jace@miles.biz,Tuvalu,441,Zella Pacocha
Faye.Corwin@brady.net,Papua New Guinea,442,Filomena Heathcote
Samir.Prosacco@hubert.com,United Kingdom,443,Chanelle Bayer
Damaris_Lesch@buford.io,Japan,444,Cecil Schiller
Buck.Marks@spencer.com,Sierra Leone,445,Kennith Ferry
Fred@andreanne.tv,Jersey,446,Lucius McCullough
Reymundo@dejah.me,Christmas Island,447,Margarete Brown Jr.
Wilhelm@caterina.co.uk,Belize,448,Donny Botsford
Christop.Ledner@mekhi.me,Zambia,449,Carey Grant
Alia.Brakus@roslyn.me,Croatia,450,Bridie Russel
Jessy@lee.co.uk,Dominica,451,Julien Fisher
Jayden_Kassulke@providenci.tv,Taiwan,452,Stevie Abbott
Laverna_Dickinson@madelynn.ca,Malta,453,Nina McCullough
Nyah.Barton@abdul.org,Namibia,454,Vita Oberbrunner
Damien_Schoen@felicity.org,Norway,455,Lavon Hand
Francisco@hettie.io,Singapore,456,Sadye Lakin
Jewell_Harvey@golden.tv,Marshall Islands,457,Eleonore Pfeffer
Mittie@jewell.co.uk,Portugal,458,Seamus Altenwerth
Viola_Eichmann@kelton.info,São Tomé and Príncipe,459,Emmet Gerlach
Cristobal@judd.biz,Fiji,460,Aidan Roob
Ulises@ricky.me,Israel,461,Brandyn O'Conner
Kacey@johnathon.info,Vietnam,462,Mr. Dorris Wyman
Jasper@conner.co.uk,Serbia and Montenegro,463,Delpha Pagac DDS
Norene@scot.us,Saudi Arabia,464,Dr. Amber Luettgen
Lucie@laurence.me,Uruguay,465,Ewell Harris V
Marlon@cheyanne.me,Uganda,466,Tanya Muller
Don@vena.org,Mauritius,467,Dr. Adelia Hessel
Lewis@berta.co.uk,Barbados,468,Zachary Trantow
Natalia@jarrod.name,British Indian Ocean Territory,469,Tyson Yost
Elena_Kshlerin@bradly.tv,Sierra Leone,470,August Moen
Aron@margaretta.org,Northern Mariana Islands,471,Earlene Reinger
Kira@friedrich.me,Namibia,472,Lynn Hand
Madilyn_Douglas@raegan.biz,Namibia,473,Glen Fay
Thomas_McKenzie@freddy.biz,Guernsey,474,Elna Streich
Nathanial_Hickle@dena.ca,Swaziland,475,Chad Sauer MD
Annalise.Koelpin@leda.com,Djibouti,476,Benjamin Klein
Foster_Hane@omer.ca,Ecuador,477,Jaylin Towne DDS
Abbigail.Boyer@lauren.biz,Seychelles,478,Elinor Daugherty
Stanford_Halvorson@norma.name,Belarus,479,Sarai Spinka
Christopher@linda.me,Norfolk Island,480,Ryley Hettinger
Tressa.Russel@meggie.co.uk,Guatemala,481,Daryl Pouros
Hortense_Parker@perry.biz,Mongolia,482,Sebastian Bartell
Seth@ozella.co.uk,Norway,483,Cayla Yost
Bernardo@frida.name,Nauru,484,Mrs. Adriana Robel
Eden@beulah.org,Croatia,485,Jack Treutel
Agnes@katherine.me,Tonga,486,Mike Koss
Matilde_Keeling@ophelia.us,Congo - Kinshasa,487,Arvid Oberbrunner
Leanna@mark.org,Denmark,488,Kylee Huel
Dee@rebeca.co.uk,Tokelau,489,Miss Michael Kemmer
Alexander@christine.us,British Indian Ocean Territory,490,Demetris Bashirian
Annalise_Mraz@deonte.info,Oman,491,Bradley Schneider IV
Georgiana@viola.info,Libya,492,Cameron Mayer
Federico_Cassin@terrill.me,Saint Martin,493,Asha Stokes
Solon_Hilll@theodora.me,South Korea,494,Freida Kuhn
Dalton@hassan.us,Kiribati,495,Halie Schaefer
Santos@karl.org,Benin,496,Mrs. Kathlyn Gusikowski
Lilla.Dietrich@kamren.org,Panama Canal Zone,497,Keyshawn Reilly DDS
Zane@mayra.ca,Rwanda,498,Justen Flatley
Freeman_Welch@margarete.biz,Guadeloupe,499,Royal Parker
Lela_Jakubowski@raleigh.com,Mongolia,500,Araceli Berge
Hope.Kovacek@colleen.org,Bhutan,501,Eliezer Kulas
Florence@aglae.io,Tonga,502,Nasir Hamill DVM
Edgar@beau.us,British Indian Ocean Territory,503,Timmothy Bahringer V
Ava_Raynor@bettye.co.uk,Nicaragua,504,Murl Schiller
Jacynthe@carolyne.net,Macedonia,505,Camylle Stroman
Peyton@jennings.info,Malta,506,Ralph Pollich
Leone@lavon.io,Pacific Islands Trust Territory,507,Ole Hansen
Carlotta_Rice@laney.net,Belize,508,Gina Rogahn
Werner.Larkin@tyler.io,Samoa,509,Eldridge Gislason
Mauricio@camryn.biz,Bermuda,510,Aletha Cruickshank Jr.
Delilah_Turcotte@gretchen.com,Wake Island,511,Kenna Marvin
Terrell@kallie.co.uk,Senegal,512,Amaya Schowalter
Tyrese@donald.com,Belarus,513,Payton Barrows
Kari@tremayne.com,Jersey,514,Miss Hillard Goldner
Deron@joseph.io,India,515,Mrs. Emiliano Schiller
Hilbert@lulu.com,Antarctica,516,London Schinner
Lori@estevan.ca,India,517,Dr. Dejon Osinski
Lamont_Feil@emmett.co.uk,Belize,518,Joany Prosacco
Rosalyn.Sanford@dustin.us,Cook Islands,519,Jermey Yundt
Rosalyn@kayden.biz,British Indian Ocean Territory,520,Cortney DuBuque
Ubaldo@taurean.co.uk,Norfolk Island,521,Bessie Kohler
Elza@emily.ca,Cyprus,522,Hester West
Myah_Cartwright@jan.io,Swaziland,523,Aiden Vandervort
Lorenza.Emard@linnea.biz,Antarctica,524,Viola Keeling
Karson@coby.co.uk,Finland,525,Skylar Bins V
Sigurd_Spencer@maritza.ca,Jordan,526,Johnny Powlowski
Earl@oma.biz,Marshall Islands,527,Israel Hansen
Aaron_Paucek@marie.com,Metropolitan France,528,Mrs. Cesar Turner
Reuben@nelson.name,Neutral Zone,529,Kenny Hayes
Niko.Haley@amelia.tv,Czech Republic,530,Alva Blanda I
Bernhard_Walker@nola.net,Liberia,531,Napoleon King PhD
Lester@jasper.biz,American Samoa,532,Mr. Sheila Fay
Al.Runolfsdottir@eusebio.org,Ireland,533,Mrs. Vanessa Dickinson
Noemy@adrian.me,Indonesia,534,Florian Okuneva
Dante@otto.us,Ghana,535,Jackeline Jakubowski
Laverne@keith.tv,Belarus,536,Gwen Kutch
Helga_Fritsch@ryder.me,São Tomé and Príncipe,537,Estelle Greenholt
Luther@meaghan.biz,Russia,538,Vernon Ondricka
Jakob.Koch@aracely.name,French Southern and Antarctic Territories,539,Roderick Funk
Danial@wilhelm.net,Bolivia,540,Bo Gutkowski
Isabell_Nolan@ron.tv,South Georgia and the South Sandwich Islands,541,Nicolas Pacocha
Bethany_Lemke@jacklyn.info,Vietnam,542,Kenton Rodriguez
Opal_Cassin@jermey.info,Ireland,543,Rosemary Torp
Kyra.Mueller@bernie.ca,Bulgaria,544,Kamryn Rodriguez
Alvah@nola.com,Latvia,545,Priscilla Weimann Jr.
Mazie@robb.co.uk,Faroe Islands,546,Garland Hessel
Pearl@nico.biz,Jordan,547,Nathan Kuhn
Thaddeus@ubaldo.me,Saint Kitts and Nevis,548,Ms. Cullen Upton
Silas_Upton@constantin.co.uk,Serbia,549,Mrs. Elinor Weissnat
Jarrell@haylie.tv,Qatar,550,Rebeka Borer
Alexandria@lorenzo.name,Guadeloupe,551,Adolf Hills
Norbert@eva.name,Neutral Zone,552,Zella Crooks
Alf_Dach@tatum.net,Luxembourg,553,Mrs. Vesta Schamberger
Estrella@yadira.info,El Salvador,554,Grady Green
Adam_Murray@reymundo.co.uk,El Salvador,555,Ola Jenkins
Jonathon_Zulauf@madalyn.biz,Luxembourg,556,Tianna Pollich
Lesly_Ebert@shaina.com,Austria,557,Jeff Hessel
Urban@karlee.net,Macau SAR China,558,Kaylee Strosin
Lucious_Schroeder@dolly.us,Kyrgyzstan,559,Alfonzo Legros
Aliyah@virginia.com,Saint Pierre and Miquelon,560,Harmony Corkery
Maybell@keely.co.uk,France,561,Dorothy Goodwin
Earline@kacie.info,Taiwan,562,Jerrold Kohler
Hazel_Stamm@hollis.biz,Guinea-Bissau,563,Viva Schowalter MD
Axel_Schinner@luigi.net,Central African Republic,564,Peggie Dickens
Liza@jessika.ca,France,565,Mckenzie Schimmel
Dorian@zakary.ca,North Korea,566,Trent Yost
Anabelle@arvilla.com,Panama Canal Zone,567,Hayden Hand
Vicenta@lucinda.ca,Pitcairn Islands,568,Mr. Vidal Hegmann
Loy_Lockman@earlene.biz,Saint Lucia,569,Jennyfer Willms
Timothy_Gerhold@nora.org,Guyana,570,Lucienne Conroy
Fleta@ollie.biz,Solomon Islands,571,Aglae Jacobs
Mose@amber.tv,Montserrat,572,Mrs. Keshaun Hackett
Alta.Deckow@mylene.org,Laos,573,Norval Crooks
Ashlynn_Koepp@tia.name,Marshall Islands,574,Jordane Sanford
Giovanni.Gulgowski@bridgette.info,Eritrea,575,Benedict Dickinson DVM
Bianka@jolie.biz,Heard Island and McDonald Islands,576,Marlon Yundt Sr.
Theodora@asha.org,Taiwan,577,Loy Hirthe
Akeem@enrico.biz,Tanzania,578,Jess Buckridge IV
Alessandro.Nader@violette.ca,Sudan,579,Britney Corkery
Emilio@mona.com,Guyana,580,Emerald Schumm
Lafayette@graciela.me,Eritrea,581,Mrs. Iliana Weber
Wiley@susana.io,Guinea,582,Joanne Satterfield
Kassandra_DAmore@annie.org,Saint Pierre and Miquelon,583,Jackson Hessel DDS
Icie_Prosacco@rod.org,South Africa,584,Kamron Williamson
Leonardo@felicita.tv,Tanzania,585,Chance Stamm
Earl.Stracke@veronica.biz,Northern Mariana Islands,586,Cleo Beahan PhD
Modesta_Douglas@marlon.co.uk,Guadeloupe,587,Richard Boyle Sr.
Kurtis.McLaughlin@modesta.us,Burkina Faso,588,Aleen Romaguera IV
Faye_Lemke@anabelle.tv,Poland,589,Amina Simonis DDS
Henderson_Herman@antwan.info,Tuvalu,590,Mr. Kellen Stoltenberg
Susana@haley.co.uk,Saint Martin,591,Halle Grady
Kristina.Schuppe@aryanna.biz,Ethiopia,592,Mr. Araceli Purdy
Fatima_Bednar@jovani.name,Grenada,593,Maximo Johnson V
Beau@colin.org,Niger,594,Anais Goldner
Eloise@lauriane.info,France,595,Connor Krajcik
Emilio@sanford.ca,Mayotte,596,Foster Ruecker
Cecelia_Barrows@lilian.me,Equatorial Guinea,597,Damaris Stoltenberg
Melody@dane.me,Solomon Islands,598,Korey Sipes
Ethelyn@kaia.me,United Arab Emirates,599,Easton Satterfield
Belle@carol.io,Malta,600,Janie Murray
Destiney@angelita.biz,Azerbaijan,601,Judd Pfeffer
Lynn@gaston.name,Saint Martin,602,Nils Lueilwitz
Deshaun@angelica.us,Albania,603,Kaylin Dibbert
Kiarra@meta.co.uk,Papua New Guinea,604,Dominique Pfeffer
Isadore.Reichert@theodora.info,Saint Kitts and Nevis,605,Jordi Pfannerstill
Oscar_Greenholt@haley.io,Niue,606,Moises Crist Jr.
Harmony@louie.biz,United Arab Emirates,607,Mrs. Wilmer Jones
Osvaldo_Luettgen@eunice.org,Chad,608,Mr. Virginia Klein
Amber@thalia.co.uk,Pakistan,609,Pearlie O'Reilly
Jadon.Pacocha@jabari.org,Johnston Island,610,Twila Koch
Domenic@janick.co.uk,Union of Soviet Socialist Republics,611,Aglae Nienow
Gerry_Stracke@vivienne.name,North Korea,612,Mrs. Aniyah Cartwright
Stacey.Metz@aniya.me,Mauritius,613,Miss Antonietta Beier
Adolphus_Cruickshank@raymundo.tv,Libya,614,Marjorie Prohaska
Concepcion_Koch@richmond.tv,U.S. Virgin Islands,615,Tiana Okuneva
Jacey@erika.io,U.S. Virgin Islands,616,Onie Konopelski
Curtis.Hammes@elena.ca,Botswana,617,Ms. Jaquan Rowe
Pattie@hiram.biz,Cape Verde,618,Zella White
Berniece_Schumm@doug.biz,Brazil,619,Miss Della Becker
Tatyana@kody.io,Bangladesh,620,Rebeca Parisian
Adrien@hassan.ca,Liechtenstein,621,Jamar McCullough DVM
Merle_Howell@audra.name,Belgium,622,Marion Ryan
Nicklaus.Armstrong@chase.us,Canada,623,Mallie Cummings
Korey.Kling@nella.com,Ireland,624,Hilton Ratke
Jarrod@oran.io,New Caledonia,625,Hillary Bechtelar V
Al_Botsford@connor.ca,Saudi Arabia,626,Juliana McDermott
Stephania@greta.co.uk,Vietnam,627,Robert O'Reilly
Tia_Fadel@glennie.biz,Bahamas,628,Enola Marquardt
Melody.Runte@martin.biz,Iraq,629,Maggie Jenkins
Orville@yasmeen.com,Guinea,630,Turner Towne
Sophia@annamae.co.uk,Lesotho,631,Clair Trantow II
Immanuel_Goldner@zander.biz,Guyana,632,Braeden Zemlak
Scottie@jennifer.org,French Southern and Antarctic Territories,633,Karley Weimann
Carmel@evalyn.biz,Zimbabwe,634,Erika Feeney
Gerard@leanna.tv,Timor-Leste,635,Abe Stracke
Jannie@rosalinda.info,People's Democratic Republic of Yemen,636,Marge Funk
Chaz@josephine.biz,Dominican Republic,637,Leif Feeney
Miracle.Shanahan@carole.info,Bulgaria,638,Robert Luettgen
Lonie@hermann.co.uk,Palestinian Territories,639,Jon Mayer
Wilton@adeline.io,Metropolitan France,640,Reilly Stokes
Wade_Cormier@elian.org,Anguilla,641,Dr. Brooklyn Murphy
Halie@summer.us,Niger,642,Dr. Reid Wisozk
Raymundo@ariel.ca,Denmark,643,River Shields
Brooke@melyssa.name,Gambia,644,Elisa Hauck
Leone.Schmidt@sibyl.io,British Virgin Islands,645,Dr. Murphy Lockman
Della.Auer@wilson.com,Mongolia,646,Frieda Goyette
Sasha.McKenzie@madison.co.uk,Andorra,647,Lilly Rowe
Beau.Glover@liliana.co.uk,Israel,648,Glenna Murazik
Jordon.OConner@kyleigh.com,Mali,649,Felix Tillman
Winona@shanelle.us,Malta,650,Anibal Koss
Malinda@malvina.info,Uzbekistan,651,Clemmie Eichmann
Arthur_Heller@lesley.me,Jamaica,652,Jacky Hudson
Rhoda_Schroeder@holden.tv,Dominican Republic,653,Stewart Douglas II
Muhammad@opal.io,Christmas Island,654,Geovany Streich
Victor_Toy@isidro.name,Tanzania,655,Damion Legros
Rickey_Upton@noble.biz,Panama Canal Zone,656,Cleo Wiza
Fabiola@britney.co.uk,Jersey,657,Oleta Collier
Evie@hassie.us,Angola,658,Miss Alverta Harvey
Tamara@beth.biz,Iraq,659,Fay Hickle
Devin@crystal.info,Solomon Islands,660,Margie Blick
Ferne_Schroeder@margaretta.io,Afghanistan,661,Dr. Enid Bernhard
Christopher.Murphy@angie.me,Guinea,662,Mr. Florence Mertz
Cheyanne@myriam.biz,Belize,663,Hailey Howell
Isaias_Mohr@vivianne.me,Mauritania,664,Ettie Steuber
Werner@marisa.biz,Malawi,665,Irma Weissnat
Lauryn@emmett.tv,Martinique,666,Loy Kunze
Princess@hadley.ca,Antigua and Barbuda,667,Connor Marks
Kenna.Gleason@jerry.co.uk,British Virgin Islands,668,Anita Cremin II
Dianna@adriana.org,Haiti,669,Justine Reinger III
Raul.Dickens@patsy.me,Somalia,670,Kaycee Schaden
Ezequiel.Schowalter@laura.me,Cayman Islands,671,Harmon Anderson V
Geovanni.VonRueden@reese.us,Oman,672,Quinton Kris
Wade@marlee.com,Netherlands Antilles,673,Lance Beahan
Winifred.Williamson@guy.name,Spain,674,Jeanne Crooks
Abbey.Leffler@reed.biz,Canton and Enderbury Islands,675,Julio Stark
Ophelia@hershel.us,Martinique,676,Mr. Chaya Goodwin
Madisyn@maia.org,Denmark,677,Isaac Paucek
Jessy@consuelo.info,Mozambique,678,Alisha Tromp
Osbaldo_Streich@simeon.io,Marshall Islands,679,Amber O'Kon
Vickie@arne.biz,Palestinian Territories,680,Sanford Boehm
Solon_Kuhic@malvina.com,Benin,681,Ward Hills
Santiago_Sawayn@robert.ca,Tunisia,682,Mrs. Walton Wisoky
Shanon@aleen.ca,Serbia and Montenegro,683,Eric Kiehn
Fanny_Medhurst@demarcus.ca,Sri Lanka,684,Ms. Kayla Collier
Kennedy@alexanne.biz,Australia,685,Alia Wolff
America.OReilly@laurine.co.uk,Liechtenstein,686,Adriana Hintz II
Coty@dusty.org,Northern Mariana Islands,687,Cleora Feil
Joy@kathryne.info,Ireland,688,Andrew O'Keefe
Toney@lorenza.biz,Macedonia,689,Leonor Walsh
Dakota@louie.org,Antigua and Barbuda,690,Gillian Adams III
Beau@sincere.biz,Iceland,691,Miss Vilma Yost
Wilma_Corkery@daniela.ca,Honduras,692,Edyth Morissette
Justine@jennie.com,French Southern Territories,693,Columbus Homenick
Megane_Kertzmann@trenton.info,Slovakia,694,Oswald Shanahan
Korey@icie.biz,Northern Mariana Islands,695,Weston Welch
Stephen.Haley@keven.co.uk,Uganda,696,Antonio Littel
Branson_Rowe@reta.com,São Tomé and Príncipe,697,Virginie Ondricka
Jordy_Wiegand@casper.name,Paraguay,698,Dr. Rory Aufderhar
Hobart@garett.ca,Netherlands,699,Daryl Runolfsdottir
Reid.Balistreri@vanessa.me,Tuvalu,700,Ms. Christa Rempel
Roman_Lesch@michael.net,Gambia,701,Cade Jones
Katelyn.Cole@myrtice.net,Latvia,702,Dr. Bryon O'Hara
Harvey.Nader@kory.io,Svalbard and Jan Mayen,703,Andreane Cruickshank DVM
Althea.Lockman@samir.name,Italy,704,Hortense Schuppe
Rubye@millie.biz,Zimbabwe,705,Ulises Marks
Edd.Beahan@maximo.ca,Gibraltar,706,Zita Brekke
Damien@christine.org,Sierra Leone,707,Dee Tremblay
Duncan.Quigley@alivia.com,France,708,Ezequiel Sporer
Cielo.OKon@mylene.us,Lithuania,709,Hoyt Weissnat
Micah@adolf.biz,French Southern and Antarctic Territories,710,Ramona Leffler
Berenice_Thompson@vella.info,Djibouti,711,Miss Emmanuelle Upton
Orville_Klein@edison.io,Neutral Zone,712,Rosina Flatley
Brisa@winston.co.uk,Senegal,713,Colten Rolfson
Hollis.Hauck@devonte.com,Anguilla,714,Creola Yundt
Oswaldo@lea.name,Hungary,715,Dr. Rosario Kihn
Lizeth@rachael.biz,Tajikistan,716,Vickie Hammes
Jessyca@jarrett.co.uk,Myanmar [Burma],717,Neoma Rodriguez
Sigmund@brandy.me,Neutral Zone,718,Nathanial Stehr
Ryleigh@andrew.info,Philippines,719,Rossie Daugherty V
Buck@sheridan.me,Norway,720,Kim Berge DDS
Duncan@xzavier.name,Vanuatu,721,Marilie Balistreri
Karen@janis.biz,Austria,722,Keyshawn Roberts
Brian@shannon.biz,Greece,723,Verla Anderson
Darrion@orval.biz,New Zealand,724,Ms. Heath Rogahn
Adelbert@jody.biz,Aruba,725,Yesenia Kuphal
Rosalinda@elizabeth.us,Iceland,726,Eudora Schinner
Edward@danika.me,Turkmenistan,727,Betty Littel
Leland@helene.org,Serbia and Montenegro,728,Elody Murazik
Laurie.Adams@zachery.biz,Fiji,729,Osvaldo Mohr
Juwan@bessie.us,Western Sahara,730,Albina Howell
Cristian.Kulas@broderick.biz,Brazil,731,Jessyca Huel
Ayana@dusty.biz,Tajikistan,732,Elaina Boyle
Lonzo@malvina.ca,Saint Martin,733,Jacklyn Nikolaus
Delores.Herman@elisabeth.com,Bermuda,734,Esther Vandervort IV
Sincere_Veum@cristopher.name,French Guiana,735,Stefanie Metz
Doyle@hallie.info,Honduras,736,Carol Brekke
Easton@derrick.net,American Samoa,737,Tiffany Schumm
Bernita.Schmeler@roy.com,Somalia,738,Zackary McDermott
Juvenal_Durgan@isabel.io,French Southern and Antarctic Territories,739,Verona Bosco
Lesly_Will@lenora.co.uk,France,740,Kamille Kub
Isabell.Kemmer@aleen.info,Grenada,741,Amara Daugherty
Britney.Reinger@rebeca.us,Peru,742,Josie Hoppe
Monte_Morar@delaney.biz,Wallis and Futuna,743,Jamel Frami
Xzavier@kamryn.co.uk,Montserrat,744,Fletcher Koss
Felipe@jaqueline.tv,Christmas Island,745,Joana Stoltenberg
Felicia@karianne.name,Finland,746,Cletus Schumm IV
Nikki@franz.com,Chad,747,Garfield Smith
Vada@jarvis.me,Argentina,748,Ms. Gabriel Balistreri
Ima.Oberbrunner@annalise.me,Nauru,749,Syble Reynolds
Travis@melvin.info,Aruba,750,Eriberto Hansen
Jaden.OKeefe@antoinette.io,Togo,751,Gloria Homenick
Randy@dariana.info,Saint Barthélemy,752,Edna Von
Horace@clinton.org,Saint Pierre and Miquelon,753,Elias DuBuque
Elissa_Ruecker@nathanial.io,Mozambique,754,Ramona Nienow
Mozell@moshe.biz,Niue,755,Dr. Claudie Johnson
Fannie@darien.ca,Guatemala,756,Mrs. Hillard Wunsch
Brady@opal.ca,Wallis and Futuna,757,Frederick Harris
Lora@astrid.net,Czech Republic,758,Maddison Zemlak I
Timothy@kavon.name,Macedonia,759,Mr. Charlotte Satterfield
Chesley@efren.io,Monaco,760,Barney Boyer
Nelle_Crist@lucie.biz,Djibouti,761,Earline Ruecker
Cloyd@deanna.net,American Samoa,762,Modesto Schiller
Clemmie_Senger@seth.org,Finland,763,Angel Kuhlman I
Leonard_Gottlieb@felicita.me,East Germany,764,Mr. Kirstin Volkman
Letha.Wisozk@bridget.me,Netherlands,765,Alejandra Pfannerstill
Lera@chelsie.ca,Heard Island and McDonald Islands,766,Mrs. Phoebe Koelpin
Amara@delta.biz,Norway,767,Jessy Purdy
Nickolas@dortha.name,Western Sahara,768,Dorothy Reilly
Edison@melyna.tv,Niue,769,Anya Moore
Jamey@ofelia.com,Latvia,770,Freida Keeling
Oral@georgianna.biz,Lebanon,771,Christ McKenzie
Dixie@claire.org,Nicaragua,772,Peyton Stroman
Isom@erling.me,Indonesia,773,Kale Marquardt DDS
Freeda@jason.biz,Belize,774,Lawrence Nikolaus
Darius@steve.biz,Gibraltar,775,Julian Haley Jr.
Tavares.Boyle@vada.net,Nepal,776,Bessie Johnston
Lois.Kihn@juana.org,Malawi,777,Alysson Luettgen
Katrine@amelie.org,Saint Pierre and Miquelon,778,Miss Daniela Morissette
Tanner_Weissnat@sebastian.tv,Timor-Leste,779,Ruth Zulauf
Alice.Wyman@jeremy.us,Togo,780,Dayna Veum
Carlo@emilia.net,Mauritius,781,Rick Bruen
Leanna_Nicolas@zackary.org,Panama Canal Zone,782,Wilton Kirlin Sr.
Nicolas.Gislason@elvie.io,Bangladesh,783,Graciela Wintheiser
Maye@florence.info,Palau,784,Elsie Balistreri
Bettie.Schultz@cory.name,Union of Soviet Socialist Republics,785,Tavares McKenzie
Noble@coy.io,Serbia,786,Rusty Rutherford
Ola_Botsford@anahi.ca,Timor-Leste,787,Kristina Haley
Gunnar.Nader@maida.me,Netherlands Antilles,788,Zoila Sauer
Dax_Howe@esther.us,France,789,Luella Jones Sr.
Selena.Jenkins@deron.ca,Antarctica,790,Noah Prohaska
Kip@wilfredo.com,Saudi Arabia,791,Dayton Hammes
Karelle@lucious.biz,Sweden,792,Dr. Tina Walker
Karl.Mayert@edna.biz,Samoa,793,Ashly McLaughlin
Raegan.Kreiger@dianna.net,Canton and Enderbury Islands,794,Sabina Bins
Nash.Feest@morris.us,French Polynesia,795,Eleazar Boehm
Asia@mariana.info,Trinidad and Tobago,796,Dr. Marilie Rogahn
Kristofer@pink.co.uk,French Southern Territories,797,Saul Flatley
Abbie_Balistreri@margie.us,Johnston Island,798,Mr. Nathan Haley
Brisa@jazmyn.info,Lithuania,799,Oswald Ortiz
Damaris@santino.info,North Vietnam,800,Dr. Rogers Reichert
Zetta_Kub@theodora.com,Ukraine,801,Ms. George Sipes
Arch@natasha.me,Malaysia,802,Mylene Hilll
Pearlie.Schuppe@saige.biz,Russia,803,Francisco Stanton
Magnolia@ofelia.com,Norway,804,Ms. Marlee Conroy
Nick_Connelly@keon.ca,Austria,805,Russel Kunde IV
Clovis_Hilpert@velda.com,Kyrgyzstan,806,Maurine Sanford
Tabitha@mustafa.ca,Nicaragua,807,Kaitlin Kreiger
Wilhelmine@tod.tv,Uruguay,808,Ariane Windler
Heath@zora.ca,Isle of Man,809,Maximilian Langworth
Mafalda@mikayla.name,Tajikistan,810,Donnell Beatty V
Timmothy@antonietta.us,French Guiana,811,Effie Spencer
Makenzie_Ortiz@harmony.com,Bahrain,812,Gonzalo Berge MD
Earnestine.Lehner@bradford.biz,Somalia,813,Ms. Magnus Borer
Hershel@kailyn.tv,Saint Martin,814,Liliane Nitzsche
Pamela.Shanahan@lauriane.name,Burkina Faso,815,Simeon Rutherford
Myrtis.Pouros@katelyn.org,Seychelles,816,Mrs. Melba Gislason
Verla@shanna.co.uk,Canton and Enderbury Islands,817,Felipa Effertz
Trevor@chasity.biz,Saint Barthélemy,818,Dovie Gusikowski
Keith.Marks@gracie.co.uk,Grenada,819,Jarred Lehner
Dexter@reed.info,Guernsey,820,Dr. Tabitha Legros
Kylee@flossie.tv,Bahamas,821,Reinhold Lakin
Rick@domenic.biz,Macau SAR China,822,Kristy Sawayn II
Lonie.Leannon@dale.me,Denmark,823,Melany Renner
Reginald@deshaun.co.uk,United Arab Emirates,824,Willis Crona
Avery.McKenzie@clint.tv,Åland Islands,825,Abigayle Stamm
Bette@kendrick.io,United Arab Emirates,826,Bridgette Renner
Bonita_Bode@bulah.ca,Burkina Faso,827,Elroy McGlynn MD
Erling.Carter@jamarcus.info,Gibraltar,828,Dawn Murphy
Edgar.Osinski@reyes.name,China,829,Mr. Russell Jakubowski
Reva@emmett.co.uk,San Marino,830,Ricky Beier
Zechariah@danika.tv,Seychelles,831,Wyman Luettgen
Violet@romaine.us,Northern Mariana Islands,832,Cyril Block
Rachel.Shanahan@chauncey.ca,French Guiana,833,Judge Mertz I
Shemar@jordon.name,Canada,834,Guido Parker
Lenora@maya.info,Costa Rica,835,Maybell Hahn IV
Toby_Hoppe@letha.co.uk,Hungary,836,Chad Heller
Erna@rachel.io,Turks and Caicos Islands,837,Germaine Treutel
Cristal.Gleichner@danny.me,Libya,838,Kristian Swaniawski IV
Francis.Hackett@milo.co.uk,Cambodia,839,Alfreda Williamson
Elta@kendrick.co.uk,Swaziland,840,Isaac Gibson
Juanita@joshuah.ca,People's Democratic Republic of Yemen,841,Kimberly Welch
Kathlyn@pedro.biz,Zimbabwe,842,Barney Halvorson
Irving@hester.com,Djibouti,843,Courtney Schneider
Estevan@pierce.name,Uruguay,844,June Keeling
Oral@helga.io,Turkmenistan,845,Elinore Moore
Roselyn_VonRueden@nyasia.io,Israel,846,Della Trantow PhD
Chet@vicenta.tv,France,847,Avery Hegmann
Velva@jamel.io,New Caledonia,848,Rasheed Farrell
Ludwig@declan.io,Czech Republic,849,Ms. Daisha Collins
Fritz@darien.me,Norway,850,Vicenta Greenfelder
Micah.Marks@laron.net,Azerbaijan,851,Dario Cruickshank
Norris@brielle.biz,U.S. Miscellaneous Pacific Islands,852,Name Hegmann
Rocio_Anderson@mackenzie.biz,Brunei,853,Davion Stracke
Shanelle_Kreiger@aliza.com,Paraguay,854,Alphonso Mosciski
Mateo@favian.co.uk,British Indian Ocean Territory,855,Justyn Stroman
Harry@wendy.org,Indonesia,856,Taryn Erdman
Stephany@nathanael.io,Djibouti,857,Thalia Ebert
Rory@virgil.tv,Taiwan,858,Keshawn Abernathy V
Mattie_Kozey@filomena.me,Mozambique,859,Leta Gerlach PhD
Cortez@frida.org,Afghanistan,860,Arnulfo O'Kon PhD
Richie@mallie.name,Somalia,861,Diego Feeney
Ryleigh_Ward@moshe.us,Faroe Islands,862,Emmy Shields
Dana@agustina.me,Costa Rica,863,Elisa Beer
Brady@margarete.com,Tokelau,864,Antonio Bauch
Providenci@yasmin.co.uk,North Korea,865,Moises Kulas
Hortense.Boyle@conner.us,Costa Rica,866,Raymond Erdman DVM
Abdullah.Feeney@aurore.biz,Egypt,867,Mittie Schumm
Emilio.Jacobson@oren.ca,Ghana,868,Meggie Quitzon
Gilberto@laura.net,Cocos [Keeling] Islands,869,Anjali Deckow
Addie@frankie.co.uk,Greenland,870,Raheem Upton
Rodger.Kassulke@shanie.tv,Guatemala,871,Candido Champlin
Pietro_Leffler@issac.ca,East Germany,872,Dr. Sister Rodriguez
Noemie@rico.biz,Turkmenistan,873,Dovie Zemlak III
Kelsie.Osinski@eileen.ca,Syria,874,Miss Asha Turner
Pink@vernice.co.uk,Trinidad and Tobago,875,Archibald Dare
Ida@shawn.info,Norfolk Island,876,Felicia Beier
Johnpaul@arnulfo.info,Finland,877,Tanner Weimann
Mossie_Steuber@sandra.biz,Zimbabwe,878,Emery Spinka
Horace_Murazik@rosella.com,Yemen,879,Mr. Junius Beahan
Joesph@halie.info,North Korea,880,Torey Walsh
Euna@gisselle.io,Madagascar,881,Ted Daniel
Kristopher.Prohaska@maritza.name,Mexico,882,Edmond Torp
Samir_Treutel@antonetta.co.uk,Laos,883,Camron Eichmann
Muhammad_Vandervort@stacy.biz,Grenada,884,Jada Lindgren I
Aimee@carolanne.net,Vatican City,885,Roma Lubowitz
Jadon.Osinski@ivory.name,Niue,886,Theodore Murphy
Lilyan@mya.ca,Chile,887,Mr. Beatrice Kozey
Oral@ofelia.tv,Ecuador,888,Kameron Kuphal Sr.
Bobbie.Wisoky@hayley.biz,Nicaragua,889,Tony Fritsch
Garland@blair.name,Ukraine,890,Brannon Leuschke
Mayra.Collins@jovany.info,Midway Islands,891,Miss Raul Huel
Saige@declan.biz,Brazil,892,Pasquale Hudson V
Norval@jordane.io,Spain,893,Wilford Kshlerin
Ned@edyth.biz,Malaysia,894,Emmett Kirlin
Caroline@izabella.org,American Samoa,895,Ms. Willow Koss
Alexa_Renner@garrick.com,Puerto Rico,896,Hollis Trantow
Shad_Ferry@jasper.co.uk,Norway,897,Bradly Rau
Darrell@blanche.name,Panama,898,Miss Maci Emmerich
Sandrine.Kerluke@rolando.us,Morocco,899,Tia Ruecker
Ron_Feest@kristy.tv,Slovakia,900,Colt Jacobson
Cristobal@london.io,Antigua and Barbuda,901,Consuelo Schulist
Carlotta@monte.me,Svalbard and Jan Mayen,902,Francesca Thompson
Garnett_Wiza@elroy.tv,British Virgin Islands,903,Eleazar Schroeder
David@brown.info,Uruguay,904,Luella Torp
Larissa_Reichert@quincy.net,Palestinian Territories,905,Sydney Fritsch
Cleo@robyn.org,Norway,906,Shaina Mertz
Louvenia_Simonis@nathan.org,Guinea,907,Marjory VonRueden
Abigale@julius.me,Comoros,908,Emerald Haag
Marilyne_Littel@yasmine.org,North Vietnam,909,Alexandra Olson Jr.
Rosemarie_Rodriguez@erna.us,Serbia,910,Lorenza Walter
Garett_Beatty@verda.com,Burkina Faso,911,Alexandrea Mante
Olen_Spinka@xzavier.me,Burundi,912,Ms. Halle Moen
Kayley@addie.name,France,913,Kyra Reynolds
Miller@eleanore.net,Saint Barthélemy,914,Scottie Carroll
Hattie.Boehm@elda.biz,Panama Canal Zone,915,Milford Wintheiser II
Arvilla.Skiles@gussie.biz,Kuwait,916,Ms. Joaquin Keeling
Raegan_Turcotte@clare.us,Zimbabwe,917,Michale Marvin
Leopoldo.Feil@kale.us,Nigeria,918,Modesto Purdy
Wade@lola.tv,Montenegro,919,Luther Watsica
Eudora.Walsh@gudrun.biz,Turks and Caicos Islands,920,Arne Bashirian
Lois@bridie.net,Wake Island,921,Dr. Alessia Harvey
Casimir@rhiannon.me,Czech Republic,922,Thalia Rau III
Carey@amari.co.uk,Belgium,923,Grady Kshlerin PhD
Porter@sofia.net,Burkina Faso,924,Brenda Larson
Levi@erin.tv,Malaysia,925,Marcella Sipes
Jessika@mossie.me,Poland,926,Ms. Unique Gislason
Polly@halie.info,Dronning Maud Land,927,Carmine Schultz
Cecile.Orn@joaquin.biz,Costa Rica,928,Libby Cronin
Lottie@zachariah.ca,Cambodia,929,Mrs. Ian McClure
Rhiannon.Powlowski@lawrence.net,Bouvet Island,930,Mark Schultz I
Elvis.Friesen@vallie.biz,Mali,931,Ezra Heaney
Malinda@marquise.info,Canton and Enderbury Islands,932,Keith Waters
Stan@nathan.biz,Cameroon,933,Lafayette White IV
Jett.Jones@naomi.tv,Madagascar,934,Miss Oceane Metz
Armani.Goldner@vernon.us,Latvia,935,Shany Harris
Alford.Kub@anna.info,Jordan,936,Ms. Emely Bogan
Sarah.Hegmann@matteo.io,Singapore,937,Demarco Champlin
Joany_Kreiger@laisha.name,Gambia,938,Shanie Haag
Kellen@kiara.net,Palestinian Territories,939,Birdie Medhurst
Marjory@roscoe.org,Congo - Kinshasa,940,Liliane Morissette DDS
Werner@benny.biz,Monaco,941,Amely Ernser
Savannah@wyman.biz,Saint Vincent and the Grenadines,942,Montana Feil
Mattie_Batz@jody.us,Burundi,943,Bryce Reilly
Rebekah.Abbott@eunice.tv,Rwanda,944,Dejuan Rowe
Ines_Hammes@thea.info,Saint Barthélemy,945,Samson Dare
Macie_Turcotte@enoch.us,Aruba,946,Beth Reichert
Nicholas@henriette.tv,Jordan,947,Kobe Marks
Gunnar@annabelle.name,Swaziland,948,Dillon McDermott
Tom@aleen.us,Wallis and Futuna,949,Hillary Little
Macie_Bernhard@ardella.net,Taiwan,950,Nathen Legros
Roosevelt@rylan.biz,New Zealand,951,Addison Graham
Queen.Breitenberg@beulah.co.uk,Saint Martin,952,Luigi Russel DDS
Timmothy@ransom.biz,Bangladesh,953,Ozella Sawayn
Ivory_Langworth@reymundo.org,Albania,954,Charlotte Braun
Garfield@jackson.org,Ecuador,955,Gordon Wisozk
Lon_Rogahn@quinn.info,Algeria,956,Alta Glover
Kobe@destany.tv,Belgium,957,Frederic Cummings
Daniela_Gottlieb@raegan.us,American Samoa,958,Mackenzie Kertzmann
Damaris.Nolan@leda.me,Indonesia,959,Bailey Gaylord
Jaylon_Wuckert@naomie.ca,Romania,960,Kenna Crist
Caden_Gislason@shakira.tv,Brazil,961,Sincere Vandervort
Charley_Ullrich@daisy.ca,Mauritania,962,Maud Sauer
Brandyn.Bins@waylon.info,Wake Island,963,Loren Haag
Cory_Reinger@oma.biz,Uganda,964,Selina Gislason PhD
Lavinia.Kiehn@savanna.net,Latvia,965,Heidi Schiller
Sammy_Padberg@madisyn.name,Anguilla,966,Wendy Reynolds Sr.
Madisen.Klein@max.biz,Papua New Guinea,967,Allie Johnson V
Kristian.Kihn@marian.name,Midway Islands,968,Rickey Kautzer
Mckayla@dejon.tv,Bahrain,969,Isom Kohler
Margaretta_Kunde@geo.biz,Antigua and Barbuda,970,Emma Lehner
Hertha_Wilkinson@ole.me,Hungary,971,Rudy Abernathy
Blake@daren.ca,Kenya,972,Arno Kovacek
Irwin.King@caden.biz,Neutral Zone,973,Gail Emard
Cleo@mustafa.biz,Luxembourg,974,Eusebio Howe
Allie@reid.us,Ethiopia,975,Ryann Stoltenberg IV
Frankie_Crooks@elta.me,Armenia,976,Florence Tromp IV
Pink@andy.me,American Samoa,977,Jennifer Medhurst III
Alfonzo@caesar.biz,Argentina,978,Isabell Harber
Wilton_Fahey@jordy.co.uk,Serbia,979,Juliet Gottlieb
Neal.Rowe@anissa.name,Brazil,980,Dr. Abbey Bauch
Hipolito_Stamm@fermin.ca,Metropolitan France,981,Ms. Wilhelmine Bahringer
Arnulfo.Collins@kris.net,Guinea-Bissau,982,Miss Waylon Mann
Bernita@lilliana.info,Portugal,983,Henry Labadie
Telly_Gleason@camden.io,Malta,984,Mrs. Beatrice Hammes
Muriel_Schinner@ilene.io,Liberia,985,Naomie Turner
Franz_Kerluke@sunny.info,Czech Republic,986,Dorian Willms I
Nick@milo.net,Bermuda,987,Grover McGlynn
Melyna.Weimann@dana.net,Falkland Islands,988,Edmund Jewess
Jeremie@kristofer.biz,Gambia,989,Juston Dare
Marquis.Beatty@krystal.info,Tajikistan,990,Lauren Schmitt
Bernhard@jarrett.tv,Faroe Islands,991,Corrine Dicki
Earnest@ruthe.tv,Nicaragua,992,Sylvan Becker
Kyleigh_Pacocha@abbigail.net,Guam,993,Blake Johnson
Marley.Jewess@ila.tv,Liberia,994,Dell Rolfson
Rodger_Douglas@rossie.biz,French Southern and Antarctic Territories,995,Randall Schinner
Raphaelle_Emard@rubie.us,Ecuador,996,Nat Howe
Bartholome@ethan.info,Ghana,997,Reinhold Towne DVM
Hosea@thurman.info,Anguilla,998,Stacey Romaguera
Tamia_Leuschke@susan.me,Libya,999,Neha Beier
